"","Year","Location","Treatment","HarvestNumber","time","N_application.kg.ha","P_application.kg.ha","K_application.kg.ha","DMLeaves.g.DM.m2","DMstems.g.DM.m2","DMRoots.g.DM.m2","Biomass.g.DM.m2","NUP_L.g.m2","NUP_ST.g.m2","NUP_SO.g.m2","NUP.g.m2","PUP_L.g.m2","PUP_ST.g.m2","PUP_SO.g.m2","PUP.g.m2","KUP_L.g.m2","KUP_ST.g.m2","KUP_SO.g.m2","KUP.g.m2","std_DMLeaves.g.DM.m2","std_DMstems.g.DM.m2","std_DMRoots.g.DM.m2","std_Biomass.g.DM.m2","std_NUP_L.g.m2","std_NUP_ST.g.m2","std_NUP_SO.g.m2","std_NUP.g.m2","std_PUP_L.g.m2","std_PUP_ST.g.m2","std_PUP_SO.g.m2","std_PUP.g.m2","std_KUP_L.g.m2","std_KUP_ST.g.m2","std_KUP_SO.g.m2","std_KUP.g.m2"
"1",2016,"Benue","Control",1,379,0,0,0,13.5295138873333,13.6041666666667,89.1119791666667,116.245659720667,NA,NA,NA,NA,NA,NA,NA,NA,NA,NA,NA,NA,3.17641336530436,0.78145830556296,18.5877851733266,15.1210881621027,NA,NA,NA,NA,NA,NA,NA,NA,NA,NA,NA,NA
"2",2016,"Benue","Control",2,455,0,0,0,4.10370370733333,12.693518539,116.136111066667,132.933333313,0.13584335627615,0.0701589790888061,0.507976908624545,0.713979243989502,0.0078972482573553,0.0072762732636387,0.0724934391863962,0.0876669607073902,0.0350979561917841,0.0444568457227051,0.741439919597729,0.820994721512218,1.59150256741305,6.87622418728987,80.0245008650626,85.1447033645904,0.0526829093175409,0.0380059214853456,0.350025484668776,0.359963161751549,0.00306271889333024,0.0039416404565085,0.0499521745097266,0.0518672726351681,0.0136117252545196,0.0240827818472751,0.510895008815826,0.524586262031796
"3",2016,"Benue","Control",3,645,0,0,0,45.3656249966667,226.428819433333,858.652343933333,1130.44678836333,2.04006329539679,1.47382245269572,2.81701292703194,6.33089867512444,0.125315601741917,0.14268131737713,0.494601112055994,0.762598031175042,0.539292042033499,1.1139919304491,6.24783174764688,7.90111572012948,7.85865553713309,20.9850054349523,267.146499194977,272.531842012307,0.353398739985396,0.136591147087089,0.876437532559751,1.16448777052633,0.0217083341757254,0.0132234413804679,0.15388178523852,0.169422538175725,0.0934211838273973,0.103242717837207,1.9438442004331,2.00500520169969
"4",2016,"Benue","N0PfKf",3,645,0,100,300,79.7780258,270.653521733333,1004.12760416667,1354.5591517,3.18091355805261,1.58311899690619,3.22842978318958,7.99246233814838,0.207115181583435,0.218133289743572,0.611293535877734,1.03654200720474,1.09886653461944,1.62066760712178,8.34028156067357,11.0598157024148,31.7982380728986,64.0309346528277,402.45105580091,489.598915002364,1.26786098795977,0.374532680710602,1.29394408582367,2.88971968307542,0.0825527804988839,0.0516057516330362,0.245004447539749,0.372440162333288,0.437990528441604,0.383415892691814,3.34275753982042,4.11013172409428
"5",2016,"Benue","NfP0Kf",3,645,300,0,300,138.654513886667,523.567708333333,1003.32031266667,1665.54253488667,5.61314485386507,4.5546443186263,4.09383309286559,14.261622265357,0.277421857884009,0.200894573690104,0.480676755447035,0.958993187021148,2.07991566216788,2.28846687129167,7.89601720456165,12.2643997380212,87.1551454480999,241.084755575188,590.562250099247,903.876368144745,3.52829808743001,2.09725560765267,2.40966245009801,7.80269312122562,0.174381213395808,0.0925049777203322,0.282930129773538,0.532638903887512,1.30738875334555,1.05375955683656,4.64765800938938,6.83989253437928
"6",2016,"Benue","NfPfK0",3,645,300,100,0,136.041666666667,735.2864584,1931.510417,2802.83854206667,5.45819645971042,4.50604031935256,5.88631098600542,15.8505477650684,0.261116952004167,0.478079792052461,1.07213600335169,1.81133274740832,1.54541335289375,3.11203801670534,11.9755673167334,16.6330186863325,52.240180496753,125.386568657546,256.414896951987,416.164247106466,2.09595468233025,0.768403834208531,0.78142877802762,3.39535955516456,0.10026925601318,0.0815257563703982,0.142329878419672,0.30139743407311,0.593440777927805,0.530688093040118,1.5897992744099,2.54700163677839
"7",2016,"Benue","NfPfK1",3,645,300,100,240,126.025463013333,595.490162033333,1451.80121546667,2173.31684051333,5.63232664701585,4.34437004245895,4.83835167961431,14.8150483690891,0.342944967636584,0.432904078583534,0.876906778521643,1.65275582474176,1.76403461315413,3.79132747914784,11.425511105681,16.9808731979829,74.6185955976182,204.95692189835,646.189996434147,864.586439355692,3.33485229332504,1.49525343701639,2.15352792192845,6.49796967282497,0.20305477353894,0.148997738469366,0.390307145392379,0.682266353686622,1.0444697624735,1.30490620933428,5.08544207153394,6.92234499728104
"8",2016,"Benue","NfPfK2",1,379,300,100,180,60.9565972166667,60.03645833,234.0078125,355.000868046667,NA,NA,NA,NA,NA,NA,NA,NA,NA,NA,NA,NA,11.0171951849086,5.43301568597132,26.9392978572748,42.2739904209227,NA,NA,NA,NA,NA,NA,NA,NA,NA,NA,NA,NA
"9",2016,"Benue","NfPfK2",2,455,300,100,180,11.3157407806667,64.48425923,261.803819466667,337.603819477333,0.450185448757441,0.51676577894254,1.56785761154704,2.53480883924702,0.0237582883178091,0.0575220930172979,0.193015067490741,0.274295448825848,0.128848740166522,0.296475719775504,1.98306839762824,2.40839285757026,2.95646991141826,9.85246740581375,88.2679409420413,100.069787899472,0.117620203538393,0.0789559817274391,0.528607884115244,0.707576090748975,0.00620734125320467,0.00878872694413232,0.0650756074258345,0.0787765641029448,0.0336643822804174,0.0452981456340338,0.668597442781634,0.740037633100537
"10",2016,"Benue","NfPfK2",3,645,300,100,180,141.331597183333,779.886574066667,1928.17708333333,2849.39525458333,5.84020802446835,4.43102733795882,4.7807250177099,15.0519603801371,0.313615698885615,0.411706201256576,1.17104555327031,1.8963674534125,1.8378630321458,4.28859696489165,14.2906649978182,20.4171249948557,49.5776750317434,106.092057741005,251.588718224846,309.563135229115,2.04868508759071,0.602775870008136,0.62378942773855,2.69971828978559,0.110013171251684,0.0560065521429387,0.152798128489763,0.226615137353708,0.644703505631395,0.58340031993972,1.86464724659328,2.28238944043601
"11",2016,"Benue","NfPfK3",3,645,300,100,120,157.977430566667,775.613839233333,1951.61830366667,2885.20957346667,6.70161690260234,4.51559847149303,5.92646406060561,17.143679434701,0.389322573560803,0.419853771006801,1.08401212044185,1.89318846500945,1.7024306715345,2.84745961048683,12.6608673023924,17.2107575844137,5.13769371917259,126.49614129249,440.749660641309,509.894057072025,0.217947936900208,0.736456408300747,1.33842105221461,1.86586475990267,0.0126614297608249,0.068474644536975,0.244811177123196,0.28379421868232,0.0553659300388385,0.46439688797822,2.85930550890508,3.09528682698287
"12",2016,"Benue","NfPfK4",3,645,300,100,60,127.847222233333,551.1979167,1728.38541666667,2407.4305556,5.38290702539352,3.12816600133917,5.27736988109115,13.7884429078238,0.322361678706488,0.405738451100578,0.979324125114583,1.70742425492165,1.59177775355987,2.31821817727873,10.6107932716042,14.5207892024428,45.5700693567797,28.8687232781743,623.457243056227,554.658413510634,1.91869203102891,0.163836175581927,1.90363471302512,0.490964607278346,0.114903114827258,0.0212503543886084,0.353258430217444,0.22524651146325,0.567375820633119,0.121415551529956,3.82748885518381,3.17319080112952
"13",2016,"Benue","NfPfKf",1,379,300,100,300,66.7086805633333,77.21666664,326,469.925347203333,NA,NA,NA,NA,NA,NA,NA,NA,NA,NA,NA,NA,30.1477602569742,37.5959106501159,172.038513130055,236.689903580228,NA,NA,NA,NA,NA,NA,NA,NA,NA,NA,NA,NA
"14",2016,"Benue","NfPfKf",2,455,300,100,300,11.9124999233333,61.98101847,380.78125,454.674768393333,0.482065466865015,0.560571590149617,2.1316834707875,3.17432052780213,0.0242841883604614,0.0636875238770391,0.25063657018125,0.338608282418751,0.134519237579884,0.346962129506182,2.75216403116094,3.233645398247,3.82960183559343,30.6706637362098,188.79639352083,222.541396084723,0.154973247316999,0.277393033640986,1.0569169343623,1.48232005680421,0.00780682249063107,0.0315151102263663,0.124268935339254,0.162843965684265,0.0432449210891077,0.171690608931089,1.36455942476405,1.57507069500337
"15",2016,"Benue","NfPfKf",3,645,300,100,300,158.993055566667,925.590277766667,2551.451823,3636.03515633333,6.59247306297113,6.84515870228762,8.77465614618392,22.2122879114427,0.406808328893013,0.672877289818311,1.7223040236569,2.80198964236823,2.22549670966942,5.98554614707086,20.8774348017688,29.0884776585091,46.6353053660846,197.758239616703,629.864966235836,421.457203315413,1.93368190399004,1.46251161812938,2.16615828189487,1.69837582996138,0.119323643260868,0.143764505212394,0.42517713089051,0.268620464356463,0.65277516855528,1.27884993784223,5.15391458618459,3.73826903630051
"16",2016,"Benue","NfPfKfMn",3,645,300,100,300,163.993055533333,1010.9201387,2701.62760433333,3876.54079856667,6.56624863984495,6.33941831136601,8.55551189295423,21.4611788441652,0.366187962087184,0.486474625213964,1.47769185226043,2.33035443956158,2.24820805231237,5.67916453290604,19.4117780778115,27.3391506630299,60.7247350283857,427.475109320818,1000.87120861501,1477.85765803481,2.43140605855737,2.68067024479941,3.16955805266664,8.14461944139645,0.135595174417669,0.205709418216324,0.547440079365569,0.879648637965187,0.832485484347854,2.40147701743962,7.1914758921409,10.3426878096689
"17",2016,"Benue","NOTF",1,379,150,40,180,29.54513889,30.2777777766667,149.309895866667,209.132812533333,NA,NA,NA,NA,NA,NA,NA,NA,NA,NA,NA,NA,3.94357285452577,3.77076978763599,23.0581693628658,17.0613575151672,NA,NA,NA,NA,NA,NA,NA,NA,NA,NA,NA,NA
"18",2016,"Benue","NOTF",2,455,150,40,180,13.1944443733333,69.7935185066667,352.755208333333,435.743171213333,0.529050751836195,0.633183222307385,2.00084176122911,3.16307573537269,0.0233750950406872,0.0812287098242526,0.217506903666927,0.322110708531867,0.124986032472224,0.343480692021645,2.59612353376526,3.06459025825913,0.145004236581374,11.4633225806757,59.3386820121808,68.6286184567319,0.00581415921824294,0.103997959771693,0.336571396315362,0.42534547012946,0.000256887498668929,0.0133415096910261,0.0365879019990255,0.0477587958528694,0.00137357085369948,0.0564154101573447,0.436706660015823,0.48231254285911
"19",2016,"Benue","NOTF",3,645,150,40,180,112.777777766667,423.463541633333,1613.73697933333,2149.97829873333,4.92800945546448,2.84104689897532,5.61523931532929,13.3842956697691,0.308069259875204,0.266604917602712,0.957980046851544,1.53265422432946,1.5621099079461,2.29391310400719,12.2865888613328,16.1426118732861,9.44954929284793,56.4547236603609,207.805004376333,161.363066467082,0.412913511750328,0.378758740289985,0.723088610746355,0.722057979644073,0.0258128481909345,0.0355428637178564,0.123361520729769,0.111262286638289,0.130887794282694,0.305816717746482,1.582175214919,1.39835008031213
"20",2016,"Benue","NOTH",3,645,75,20,90,98.9533730733333,320.710565466667,1100.2046135,1519.86855204,4.06251744406676,2.12651744232841,3.19721683096419,9.38625171735936,0.257763678131474,0.221308115265229,0.6173453054468,1.0964170988435,1.37555695243179,1.67695452794388,8.47255342981866,11.5250649101943,25.7340778011209,47.220008803292,141.439313133698,186.217510639972,1.05650910855305,0.313099046802491,0.411025501040652,1.17165859139352,0.0670347087857487,0.0325844305623608,0.0793642336137216,0.121392711005338,0.357731005364709,0.246907386593288,1.08920842804856,1.3349500058573
"21",2016,"CRS","Control",1,304,0,0,0,71.6354166633333,104.79513887,320.761718766667,497.1922743,3.2930403320301,0.955532913081971,1.49231159264922,5.74088483776129,0.244451359943104,0.19030846262917,0.181851336922144,0.616611159494419,0.901340181363684,0.807204213570373,1.83095118713693,3.53949558207099,19.8913818976256,27.9818139920771,96.0005970969844,142.02448355649,0.91439578213862,0.255141073579144,0.446633109773587,1.58338149328058,0.0678780913479504,0.0508151051645014,0.0544261858757222,0.168714302054012,0.250279856002528,0.215535170822824,0.547984366390183,0.996247480404908
"22",2016,"CRS","Control",2,419,0,0,0,10.1569444066667,249.733796133333,503.3281251,763.21886564,0.27533898913007,2.91943042915315,1.99819424490418,5.19296366318741,0.0145370840228752,0.280704682701086,0.287475591886959,0.58271735861092,0.0532531978519715,1.04169519947372,2.5765605100069,3.67150890733259,1.35083780853327,59.5365567429139,185.219302726947,240.728046309598,0.0366191151382203,0.695992445129322,0.735313856503888,1.40863139912692,0.00193338093994445,0.0669200185493205,0.105787906586266,0.169269846899403,0.00708248762654734,0.248340217914183,0.948146382645421,1.17960009991939
"23",2016,"CRS","Control",3,602,0,0,0,63.3333333366667,459.999999966667,926.041666666667,1449.37499997,3.04338014069351,2.51794708441754,2.85415764178125,8.4154848668923,0.22856846861203,0.261601737781043,0.424878621708333,0.915048828101407,0.53762985646163,1.12855209511822,4.16513392852083,5.83131588010068,25.0715642435808,65.217424825732,35.1097238430229,53.432931105382,1.20477316912136,0.356987010228416,0.108211855054103,1.41384111974001,0.0904826691246597,0.0370891123244616,0.0161087471675865,0.107645733966844,0.212829812918454,0.160002742240496,0.157915898672203,0.201524420100878
"24",2016,"CRS","N0PfKf",3,602,0,100,300,79.0694444433333,593.069444466667,1067.5,1739.63888891,3.53213181515537,3.26326868919519,2.214776185825,9.01017669017556,0.231412992166748,0.548576734227777,0.6863796555,1.46636938189453,0.973724199129233,3.08467166179739,6.917755424125,10.9761512850516,15.844750989367,134.950893383026,284.766132115461,271.834870360267,0.707805011996341,0.742545462533096,0.590813347015286,1.36212198150382,0.046372922718766,0.124826731614467,0.183098528955014,0.216510651253011,0.195124900347322,0.701906328907588,1.84537934899187,1.85314170581406
"25",2016,"CRS","NfP0Kf",3,602,300,0,300,248.125,864.888888933333,1308.16666666667,2421.1805556,11.00704634735,8.82584924693354,6.22186847081,26.0547640650935,0.469626594425,0.422359269195037,0.634742769413333,1.52672863303337,3.4485047848875,6.09485194353987,9.71395735421333,19.2573140826407,87.4481493696725,373.782817005888,498.231957358551,949.232963686776,3.87927791678376,3.81430590241101,2.36967795131032,9.99144875261521,0.165513255726944,0.182532854159996,0.241749878270347,0.584142172118047,1.21537677191284,2.63403884341697,3.69968453531956,7.47110169188533
"26",2016,"CRS","NfPfK0",3,602,300,100,0,105.44444445,936.555555666667,1155.91666666667,2197.91666678333,4.73776241378962,7.68383301965826,6.32120010903333,18.7427955424812,0.375148947497543,1.06393204688511,0.86122583833,2.30030683271265,0.726650074000507,1.90801537556414,5.034638758435,7.66930420799965,72.0897074869735,162.494900296275,242.668830833985,460.14470299891,3.23908868157417,1.33316563322698,1.32704915861303,5.55818593111245,0.256479874593752,0.184595063084693,0.180802538191819,0.585124002765394,0.496792330343434,0.331045784032915,1.0569532704326,1.81392307019852
"27",2016,"CRS","NfPfK1",3,602,300,100,240,182.5555556,1352.18055533333,2553.5,4088.23611093333,8.46540603936763,10.1271892488527,9.516409105185,28.1090043934054,0.550106921597261,1.14273887519275,1.53388724572,3.22673304251001,2.0573721656031,6.5953372731886,12.631984044155,21.2846934829467,15.7056989869448,238.866501482096,38.9721956175169,247.161811680283,0.728299495567762,1.78899648880413,0.145241964841821,2.40611308258587,0.0473270380232757,0.201868039107832,0.0234105947896668,0.239756821782131,0.177000737287236,1.1650848951549,0.192792697554792,1.29621699221453
"28",2016,"CRS","NfPfK2",1,304,300,100,180,203.2986111,360.1449073,528.544791666667,1091.98831006667,9.63103467704481,3.34841697302925,4.77845184330177,17.7579034933758,0.904468061757859,0.616995465259093,0.497650117084385,2.01911364410134,4.08894857157166,3.81057036829313,4.35243084049042,12.2519497803552,51.4376995912266,107.031305168415,222.090755052563,351.407171935439,2.43680104743478,0.995114554189317,2.00787141334749,5.12809864367089,0.228844438232169,0.183364608498169,0.209109032948282,0.582211633417172,1.03456736438313,1.13246171662442,1.82886042378826,3.70768793367214
"29",2016,"CRS","NfPfK2",2,419,300,100,180,21.4092592866667,721.145833366667,734.573958333333,1477.12905098667,0.673557264985395,8.32110995363775,5.2694244487715,14.2640916673946,0.0303881444170685,0.934039809207757,0.853987468972594,1.81841542259742,0.160759895640114,4.50782426367711,6.47485775073338,11.1434419100506,2.00061976751424,64.0406466306751,178.442355733333,243.727971937896,0.0629415507019352,0.738947987299763,1.28004607477648,2.07167233824626,0.00283966491342963,0.0829464868169646,0.20745022880469,0.292265948109909,0.0150224452296413,0.400312901200038,1.57286935777106,1.98292124673798
"30",2016,"CRS","NfPfK2",3,602,300,100,180,188.124999966667,1430.33333333333,1922.5,3540.9583333,8.77055906280222,9.08477455335333,8.1476378213,26.0029714374556,0.573398614935901,1.02534566381333,1.1475126429,2.74625692164923,2.42477526948911,6.17236675122667,10.2064349968,18.8035770175158,31.6688869892,155.258118413606,185.202591774521,290.214865921874,1.47643239251137,0.986123283639324,0.784896562468075,2.77023614793959,0.0965256927010573,0.111297999408442,0.110544767520994,0.26205763493378,0.408185695666519,0.669990711690157,0.983229240148524,1.67687459509658
"31",2016,"CRS","NfPfK3",3,602,300,100,120,157.624999966667,1394.69444466667,1659.70833333333,3212.02777796667,6.95225340336354,10.6143404392615,6.76349225036208,24.3300860929871,0.484187742995108,1.19215231492051,0.959989523700417,2.63632958161603,1.55828671104797,4.15760080614995,6.43748599944292,12.1533735166408,57.4805371485403,204.11925185733,131.977956453278,358.02917092912,2.535253037923,1.55345225451076,0.537824548905904,4.43170217991914,0.176566988447161,0.174476380509078,0.0763371810636628,0.401724202278124,0.568254764164384,0.608481929011762,0.511900934543557,1.54101091736642
"32",2016,"CRS","NfPfK4",3,602,300,100,60,82.9027777733333,1043.55558793333,1426.6875,2553.14586570667,3.76501118017899,6.76225477784401,4.56435642089438,15.0916223789174,0.272441848314561,0.826395364271188,0.781332300275625,1.88016951286137,0.73937241285314,3.34658053336125,5.79100672543312,9.87695967164752,41.7636856600214,233.880943720208,216.196281261381,240.363236552129,1.89668847846543,1.51555178028492,0.691669958942564,3.13139869470015,0.137247219203606,0.185211147270573,0.118400937660834,0.285169463140435,0.372471440227454,0.75003327319465,0.877553156383782,1.0461943543519
"33",2016,"CRS","NfPfKf",1,304,300,100,300,203.054166666667,398.032986133333,706.1778646,1307.2650174,10.1832568803843,4.60273914851324,6.63712357980029,21.4231196086978,0.799940616851417,0.848985711577,0.72428115786574,2.37320748629416,4.28020555795017,4.91601238346328,6.37096689395366,15.5671848353671,20.6081231455786,45.0578441133794,66.4672340398282,109.255724985247,1.03350655275409,0.521035970066026,0.624702739131776,1.89221304193426,0.0811865868691398,0.0961062705338417,0.0681711614647797,0.201739732922964,0.434401345584932,0.556498901725023,0.599651403460906,1.31726418014572
"34",2016,"CRS","NfPfKf",2,419,300,100,300,27.01157404,615.766203733333,891.762152833333,1534.53993060667,0.938222594471607,8.95203016602534,7.25094007337777,17.1411928338747,0.0486276120966211,1.1455808851214,1.01100827579345,2.20521677301147,0.221309582609322,4.852353849713,7.6068818447193,12.6805452770416,8.5851432940069,89.7510328276578,17.4626867130501,76.3464049215237,0.298197187742032,1.30480359011887,0.141989536642919,1.01733822167284,0.0154554124567735,0.166974197355908,0.0197977910683789,0.146146592565266,0.0703392729436765,0.707255070214286,0.148959668332492,0.597025744057123
"35",2016,"CRS","NfPfKf",3,602,300,100,300,302.713333333333,1630.11111133333,2866.35416666667,4799.17861133333,12.1268383420031,11.4793337485327,13.0968098224542,36.7029819129899,0.992767574746267,1.50373648660944,1.833663399575,4.33016746093071,3.3526680644286,7.53198262371234,15.279889792074,26.1645404802149,138.934920856253,431.33933356255,629.559966406762,1137.03878586988,5.56579819834862,3.03751574626355,2.87655560772817,10.246766770783,0.455645884200763,0.39789968271382,0.402741950615342,1.12836966225419,1.53875835946663,1.99301774138539,3.3560426747208,6.3111280844347
"36",2016,"CRS","NfPfKfMn",3,602,300,100,300,190.194444466667,1630.11111133333,2866.35416666667,4686.65972246667,8.32303001709524,10.6015913409164,12.3260364668729,31.2506578248845,0.552592722977343,1.11145205709041,1.6332247561,3.29726953616775,2.27250387739802,7.14554765230299,13.4130070388562,22.8310585685573,50.2811770089151,431.33933356255,629.559966406762,1082.12541756135,2.20033632798051,2.80525867954671,2.70726457820711,7.07776879502023,0.146087403319142,0.294098350878653,0.358718030919652,0.747046229453155,0.600775538072677,1.89076421898799,2.94600449553518,5.18166059405471
"37",2016,"CRS","NOTF",1,304,150,40,180,185.250000033333,293.310185133333,635.314236066667,1113.87442123333,9.18343427907244,2.82592493699395,4.86871873595497,16.8780779520214,0.696405338195309,0.475610413899717,0.587979176877738,1.75999492897276,3.75150551450254,3.69082246254221,5.22590954660289,12.6682375236476,63.9967040741162,46.0277113943519,253.826132173441,363.757407536293,3.17252105714517,0.443458372790333,1.94519180467119,5.55876924118325,0.240581086834551,0.0746351813769204,0.234914427841877,0.549892729226919,1.2959999363068,0.579182448221017,2.0878997069464,3.96154693983083
"38",2016,"CRS","NOTF",2,419,150,40,180,21.3125,661.7416667,839.875000066667,1522.92916676667,0.668955487660625,8.16626394678119,6.16981444749349,15.0050338819353,0.03251980045875,0.840973550096362,0.86813523165141,1.74162858220652,0.162183472694375,4.34763591442758,7.50249929828553,12.0123186854075,7.52677512285308,106.723299630091,219.40483228515,262.051473988243,0.236249971745222,1.31702547671952,1.61177211367805,2.35757027278256,0.0114847730248946,0.135629168729078,0.226787396798558,0.287483213617037,0.0572771156651704,0.701170976118013,1.95991617815643,2.20230956143939
"39",2016,"CRS","NOTF",3,602,150,40,180,116.6111111,938.111110966667,1949.39583333333,3004.1180554,4.85863247160427,7.37314445647029,8.24423840022438,20.4760153282989,0.330981207947907,0.674359671140611,1.08623998748104,2.09158086656956,1.21819586025059,4.5850515923218,9.73333166087104,15.5365791134434,11.2436195581547,224.33168217658,330.126824193496,384.607100242798,0.468468352357678,1.76314924694424,1.39614756245083,2.5529150633121,0.0319131405914951,0.161260470801943,0.183952869523642,0.256662788015882,0.117458196485503,1.09642911649567,1.64832293938525,1.95484081838433
"40",2016,"CRS","NOTH",3,602,75,20,90,72.7611111166667,603.55,1342.5,2018.81111111667,2.835536287769,3.5138101410935,3.7021874406,10.0515338694625,0.16198661155009,0.3476152320855,0.66019287465,1.16979471828559,0.594850421648697,2.3657284347665,6.82457568585,9.7851545422652,24.242732784985,228.612023961996,169.565437221151,416.979371108892,0.944751220418985,1.33095724989408,0.467607472655488,2.70790186052133,0.0539711128415476,0.131669326099056,0.0833861403652258,0.26554557661367,0.19819378233439,0.896088088172336,0.861982986979509,1.93108484023877
"41",2016,"Edo","Control",1,282,0,0,0,96.9768518133333,121.119791733333,311.380859366667,529.477502913333,3.47446995220307,1.17837312751188,4.32546068449266,8.9783037642076,0.17279351651234,0.227196414493543,0.385799963067956,0.785789894073839,0.517024002422188,0.456910836785347,3.36369260517482,4.33762744438236,19.9729095291178,49.4855602703364,87.4215334722889,136.129650262335,0.715585964272856,0.481444474003218,1.2143919404088,2.13974274211058,0.0355877635537409,0.0928249768409268,0.108315021204427,0.204792577032617,0.106483902412482,0.186678728788538,0.944371360114695,1.12576074592749
"42",2016,"Edo","Control",2,406,0,0,0,42.8939814766667,361.196759333333,615.105902733333,1019.19664354333,1.70085322561013,3.53169049386155,2.63946761602515,7.87201133549683,0.0749657247809278,0.412322842248795,0.344100692638314,0.831389259668037,0.349621186011677,1.00435451962127,1.51080031016674,2.86477601579969,5.80747091757947,169.783600962518,171.846473348318,338.856641173755,0.230280689802024,1.6601010779821,0.737406679590356,2.31612121127145,0.0101497051915624,0.193815849968619,0.0961338368626314,0.285734811699983,0.0473356587575568,0.472105362459554,0.422082935770908,0.876458484971967
"43",2016,"Edo","Control",3,582,0,0,0,153.805555553333,818.124999966667,1121.10416666667,2093.03472218667,7.3637920779,7.01070621039561,5.04497622776479,19.4194745160604,0.51045214178818,0.755030766362987,0.723575764072917,1.98905867222408,1.73046001795944,1.78910657687711,5.28483728262917,8.80440387746571,129.390594428337,159.519542388621,181.158752174946,457.202075769374,6.19487007981171,1.36696060693529,0.815215593116132,8.14932816271123,0.429423409418316,0.147217310734253,0.116922304296864,0.670758604275523,1.45576828842572,0.348843345991793,0.853974640389851,2.57240837855122
"44",2016,"Edo","N0PfKf",3,582,0,100,300,201.3888889,1259.44444466667,1702.04166666667,3162.87500023333,9.50308355781597,10.5861178112901,5.59923363541833,25.6884350045244,0.77309913420932,1.55661985759688,1.05913566334833,3.38885465515453,2.39011959152076,4.95413348871857,7.29504768481042,14.6393007650497,45.2088005245496,424.330627743622,85.1470771053436,404.797622464883,2.1333004580345,3.5666630912184,0.280109698500799,4.5880814666553,0.173549219795965,0.524454638812663,0.0529847816057029,0.577886624975914,0.536546184017801,1.66914116942255,0.364945230114252,1.71798952229987
"45",2016,"Edo","NfP0Kf",3,582,300,0,300,282.388888866667,1770.97222233333,1939.86458333333,3993.22569453333,15.0749064157665,15.5406239695195,7.98952008474865,38.6050504700346,0.966323470850623,1.20025655337808,0.969019895758542,3.13559991998725,4.31504403193488,9.84649010649416,10.8386818171229,25.000215955552,69.545665152487,369.166745008331,420.429161706251,840.943843878571,3.71259081050808,3.2395096285966,1.73157820423434,8.11954153684264,0.237982481543378,0.250198619378517,0.210016836201209,0.658350700758066,1.06269268797213,2.05254303626621,2.34908042011031,5.24807252876034
"46",2016,"Edo","NfPfK0",3,582,300,100,0,68.8950617333333,1033.88888886667,1282.91666666667,2385.70061726667,3.44105408048838,11.7109809157983,11.6104574133333,26.76249240962,0.329826517523086,1.63184410040381,0.9657353162375,2.9274059341644,0.527344879929466,2.1891187204085,3.300356930525,6.01682053086297,24.8732750774182,144.86723648949,130.958043336724,38.5221373820301,1.24232829678776,1.64092820816807,1.18517657818343,1.69080656268987,0.11907770298447,0.228651983547591,0.0985806878043278,0.248209888852716,0.190388018083558,0.306736616272783,0.33689505886406,0.159309479824857
"47",2016,"Edo","NfPfK1",3,582,300,100,240,329.638888933333,2558.05555566667,2462.76041666667,5350.45486126667,13.536735292814,21.318510383676,10.7611811055547,45.6164267820447,0.793935461779267,2.74777965506102,1.46930091661719,5.01101603345747,2.32461609175814,9.91608924993349,10.7344854968385,22.9751908385302,6.5914155347582,751.985374208052,661.746486530073,1340.53752367146,0.270678764837753,6.26695068170592,2.89154143428742,8.84086968602064,0.0158754282703144,0.807758106572407,0.394802804465588,1.15165379966782,0.0464827152801816,2.91500865521599,2.88436829427992,5.50820740251858
"48",2016,"Edo","NfPfK2",1,282,300,100,180,331.999999966667,310.3703703,474.166666733333,1116.537037,13.4832578221663,3.43608215071723,7.49249817769509,24.4118381505786,0.596970674020063,0.65557848628099,0.937423464973466,2.18997262527452,2.33695682432537,2.5965625434335,5.89181260313671,10.8253319708956,88.4159597918963,56.5582403964583,161.21837842291,210.531054674046,3.59076861924131,0.626151137153973,2.54747642820691,4.27908158715376,0.15898112986867,0.11946490120815,0.318727362173692,0.418646499952545,0.622362291071369,0.473166972717148,2.00323755440945,2.29801413855125
"49",2016,"Edo","NfPfK2",2,406,300,100,180,227.334722233333,1385.51388886667,1457.857639,3070.7062501,9.05582398616414,17.9029744517844,10.4947197311686,37.4535181691171,0.413200549392723,1.00152140246421,1.13278016908286,2.5475021209398,1.33020570394306,6.34265091145424,7.59877718680487,15.2716338022022,64.8962607269033,613.790143747919,370.086989008615,1033.39047025469,2.58512693850549,7.93111447714512,2.66415534815982,12.6525471447825,0.117954575185251,0.443679396161062,0.287563881938507,0.823340879232339,0.379728073808713,2.80982864622804,1.9290008118632,5.02950753132867
"50",2016,"Edo","NfPfK2",3,582,300,100,180,232.004629733333,1977.013889,2410.27083333333,4619.28935206667,11.4366762802255,21.5480990532895,14.1565727596935,47.1413480932085,0.915816328234361,2.53700601880994,1.60409089273688,5.05691323978118,2.64147782153155,7.46754313367385,9.89424909494562,20.003270050151,30.3951608184007,450.815731389875,159.504779676295,630.299881948206,1.498330508167,4.9135831006649,0.936841199660351,6.91930144732208,0.119982021948423,0.578509959021497,0.106154113839937,0.768129698195916,0.346062676749052,1.70281348968946,0.654772899429357,2.59441703679902
"51",2016,"Edo","NfPfK3",3,582,300,100,120,169.9027778,1744.565972,2099.98958333333,4014.45833313333,8.4379743426428,17.8307335625956,11.9346051082762,38.2033130135146,0.680869818939054,1.8734920839624,1.44747113904802,4.00183304194947,1.66287189770985,5.10521269075005,8.74902532184167,15.5171099103016,47.7125422404164,381.118901760359,498.452696019663,913.459622453023,2.36957401438609,3.8953124742926,2.83279314305345,8.55876581900831,0.1912036425596,0.409284175523558,0.343571176445505,0.897577561033563,0.466972033578387,1.11528774788673,2.07666518625967,3.53968922383086
"52",2016,"Edo","NfPfK4",3,582,300,100,60,176.5,1976.736111,1969.29166666667,4122.52777766667,8.488384585015,22.4253533078089,11.2963354984892,42.2100733913131,0.735453700485,3.47067741632922,1.53778772366,5.74391884047422,1.50754046311,4.78298679851587,6.54031402308875,12.8308412847146,38.0493101120112,765.45444039421,321.427342424899,1034.78761254094,1.82989902223939,8.68380264383774,1.84378533656488,11.3252964370835,0.158546775766459,1.34395553595728,0.250997366005375,1.63163316425263,0.324990790862762,1.85212303397379,1.0675085822224,2.94141834711422
"53",2016,"Edo","NfPfKf",1,282,300,100,300,349.652777766667,489.506944433333,805.125,1644.2847222,11.7225655666067,5.00494982688605,12.0413941074,28.7689095008927,0.518844651997401,1.06545567053561,1.7843900192775,3.36869034181051,2.23279846690474,5.25380650784825,10.0582913478975,17.5448963226505,99.8427959635959,111.502912302171,208.662519094829,345.392858460368,3.34735999957545,1.1400583545757,3.12074227960095,5.69308838816869,0.148155267225559,0.242696067021298,0.462456533420418,0.73291315176883,0.637572059867251,1.19674446493366,2.60678579157524,3.89693815006836
"54",2016,"Edo","NfPfKf",2,406,300,100,300,223.958333333333,1607.26851833333,1806.72291666667,3637.94976833333,8.69197478057292,18.1128674589085,13.0705865490094,39.8754287884908,0.41443168203125,1.07341902141105,1.38462176475552,2.87247246819782,1.73318632401042,7.79945472640276,8.59300534379662,18.1256463942098,70.3002903989884,340.948888727356,38.5177412320897,257.439378580745,2.72840194030866,3.8422715068074,0.278653392726772,2.40668006812232,0.130089678574161,0.227703721135786,0.0295189164576319,0.132505761987844,0.544045403803479,1.65449356552061,0.183195305259631,1.13686537643892
"55",2016,"Edo","NfPfKf",3,582,300,100,300,319.375,1834.625,3546.9375,5700.9375,15.145853996,17.6099651223925,18.953952373215,51.7097714916075,1.2253994109,2.3290164793675,2.92569756854625,6.48011345881375,4.3425545989,9.95917351199875,18.0939076388212,32.39563574972,72.3016683763245,57.8059793620003,141.332967889661,126.837278875337,3.42879221258715,0.554860682935512,0.755248250679851,2.11868327897179,0.27741188833013,0.0733834317858285,0.116578744483151,0.0874497120611499,0.983088665411352,0.313796976764832,0.720978496890914,0.0516868082443945
"56",2016,"Edo","NfPfKfMn",3,582,300,100,300,439.208333366667,2851.36111133333,3478.70833333333,6769.27777803333,15.7985397758178,23.3228572507963,19.6191999862892,58.7405970129032,0.933879925815459,3.27001962004374,2.31790357636833,6.52180312222753,4.20559085045543,9.87250974186859,12.1098997747146,26.1880003670386,155.47057268817,338.194025280142,710.148535665837,1118.66556383943,5.59235296779464,2.76627570718062,4.0050917772253,10.4906211530987,0.330573980178342,0.387850242346364,0.47318017863122,1.04795977088391,1.48869128461317,1.170957896546,2.47213240318805,4.46912466387872
"57",2016,"Edo","NOTF",1,282,150,40,180,279.267361033333,307.286706433333,584.6614584,1171.21552586667,9.74181561315528,3.1268797183445,6.75324569896458,19.6219410304644,0.439835137968927,0.480747102262568,0.849374107486695,1.76995634771819,1.85852559464808,2.77968928260113,4.82844518211802,9.46666005936723,128.994580526724,170.438304694786,221.532007315135,513.903596571895,4.49977904305709,1.73434147010447,2.55884846536332,8.69078485273239,0.203161403872196,0.266649091487268,0.321833341824792,0.78105147876862,0.858459537099983,1.54177033690714,1.82952910276135,4.17242427320558
"58",2016,"Edo","NOTF",2,406,150,40,180,122.027777753333,1033.73703706667,1088.85937496667,2244.62418978667,4.97051890190681,11.8589336941151,5.95530045234332,22.7847530483653,0.247273237642689,0.740190431429438,0.874644335341818,1.86210800441395,0.891316020331175,5.1184842891213,6.36568889395138,12.3754892034039,55.4315508139786,255.973978724953,408.585243437324,714.040524007835,2.25787583905552,2.93650931742933,2.23467597469838,7.33211261206846,0.112324745149702,0.183285964373272,0.328202867048514,0.616092442813186,0.404883463273189,1.26743914704397,2.38867075600191,4.02325683136587
"59",2016,"Edo","NOTF",3,582,150,40,180,177.173809533333,1290.5,2247.36458333333,3715.03839286667,7.91249423231014,12.57497852506,10.9557643330909,31.4432370904611,0.644852920149282,1.37388973548,1.24493262256052,3.2636752781898,1.31058089970057,3.90368125012,8.78086824563812,13.9951303954587,6.8765585899949,257.367320186538,404.294734998362,660.697890822352,0.307103687191647,2.50785627617044,1.97091200537734,4.71260577312157,0.0250283543544937,0.273997922861123,0.223959970029602,0.515430135794703,0.0508669219646916,0.778519939717799,1.57965415436079,2.38187248966536
"60",2016,"Edo","NOTH",3,582,75,20,90,135.555555566667,1051.94444433333,1611.02083333333,2798.52083323333,6.50073069484396,11.3117361465802,7.49437860283875,25.3068454442629,0.541591249111059,1.18833479567726,0.9030888530475,2.63301489783582,1.34382358426571,3.0395672784845,5.27802012285479,9.661410985605,11.625622226916,142.983058795601,413.161838057538,554.626508413355,0.557520781359676,1.53752096247993,1.92200570879103,3.43404745769265,0.0464483748913719,0.161521594485782,0.231605850609864,0.389913210866423,0.115250055705832,0.413145988111725,1.35359919011808,1.75477934980482
"61",2017,"Benue","Control",1,304,0,0,0,60.2916666666667,96.4357639,290.488281266667,447.215711833333,2.64899741953583,0.586116764113937,1.12634969902732,4.36146388267709,0.160228973082917,0.103163045641053,0.253388033021374,0.516780051745344,0.685827405645,0.813738686060754,2.17378388459992,3.67334997630567,7.0385436707609,20.3790685092822,66.6270713555311,66.737533511848,0.309248110924161,0.123859792334955,0.25834220038461,0.122847644278866,0.0187053814683944,0.0218006960252349,0.0581176716772775,0.0486962283052323,0.0800645663342693,0.171961477373493,0.498584154098067,0.48331910377472
"62",2017,"Benue","Control",2,415,0,0,0,18.7604166633333,127.421875,398.502604166667,544.68489583,0.680450081490869,0.894408069247656,1.82306793223503,3.39792608297355,0.0359440608286135,0.160594209327344,0.390786191020833,0.587324461176791,0.135991924157816,0.856333199941406,3.26466869669792,4.25699382079714,5.51525858465945,23.1032150343167,45.6515523211361,69.9085436468609,0.200041300826201,0.162167618018936,0.208846517496295,0.514989792118066,0.0105669715982368,0.0291177833582788,0.0447675775747348,0.0783792169702299,0.0399794226650448,0.155264157424075,0.37399302353404,0.538595334927798
"63",2017,"Benue","Control",3,531,0,0,0,92.98239091,293.3866567,587.890625066667,974.259672676667,2.64354036498361,1.26187920480487,1.74554271987322,5.6509622896617,0.183792684964166,0.169831740799011,0.410182077266542,0.763806503029718,0.88642785955113,1.49830607405586,3.80706133495358,6.19179526856057,14.2856175353898,15.8828491081064,433.130798746572,437.483760623082,0.118078034439988,0.0467768028624537,1.24951667950133,1.32500512039532,0.0164741617862893,0.0436269821725529,0.296280451896678,0.257042096324887,0.10485832487066,0.139375130238149,2.98086649245773,3.05661806734916
"64",2017,"Benue","N0PfKf",3,531,0,100,300,101.46701389,329.6440972,885.651041666667,1316.76215275667,3.28649811797392,1.86608276100918,2.81118476365547,7.96376564263858,0.251745620618816,0.462821617859425,0.857025002128386,1.57159224060663,1.32065171093729,2.54730760973062,7.30866728420365,11.1766266048716,50.2948549778521,80.326285232316,115.153933346072,104.253554511947,1.62904120158377,0.454719187757782,0.365515273699993,1.87181426691895,0.124784489016884,0.112778422558261,0.111431924457842,0.186485195327737,0.654616547106147,0.620717189756101,0.950285999449619,0.984378524319319
"65",2017,"Benue","NfP0Kf",3,531,300,0,300,100.389384966667,416.7609126,761.316964266667,1278.46726183333,3.99846579184059,4.73466891871858,5.70358694194078,14.4367216525,0.21143565729695,0.277648107923673,0.705591752400427,1.19467551762105,1.63390729907259,3.65468184975941,6.33412137602769,11.6227105248597,35.0466682839964,114.835225151172,94.2225205011075,212.560575613813,1.39589364252081,1.30460116306335,0.705890401489368,3.11024888728442,0.0738137338639479,0.0765037747597349,0.0873258267927873,0.207792888673904,0.570408984340436,1.00701913347577,0.783926943995201,2.07821277217536
"66",2017,"Benue","NfPfK0",3,531,300,100,0,65.9007936333333,868.965277666667,764.973958333333,1699.84002963333,2.54943382026556,11.405014532728,4.9262587726237,18.8807071256173,0.190032443883104,1.23564966401964,0.874332309895833,2.30001441779858,0.574804550211635,4.88447509803433,4.53569388264974,9.99497353089571,19.1563769739229,677.66088820127,522.814801794968,1178.03018656971,0.741082354831804,8.8941784865673,3.3668087334781,11.4934843708705,0.0552395947240801,0.963618996461625,0.597554816502579,1.50184329220513,0.167087102341218,3.80914844171788,3.09988055466181,6.7229014703861
"67",2017,"Benue","NfPfK1",3,531,300,100,240,107.520254633333,486.5057871,1231.640625,1825.66666673333,4.14749741659492,4.70319138728536,9.29490513251953,18.1455939363998,0.297628299554841,0.732067933884107,1.69326405137109,2.72296028481004,1.5772971370118,4.57613143468254,9.75219551169141,15.9056240833857,56.9509679686873,144.9036566586,188.454261148221,389.840173820638,2.1968325254457,1.40082533045552,1.42222044615634,5.01555455351227,0.157646759787971,0.218043286133632,0.259087609853713,0.634087914073753,0.835457459000589,1.36298106994474,1.49219079204115,3.68646344308112
"68",2017,"Benue","NfPfK2",1,304,300,100,180,110.694444433333,192.699652766667,375.475260433333,678.869357633333,6.08308293525329,1.69785865008752,2.89219214490742,10.6731337302482,0.318298096966662,0.340081519261294,0.517792346779364,1.17617196300732,1.38440387608743,1.6470945549894,3.18943045136983,6.22092888244666,13.3333672582685,37.7298397399048,34.3052956008076,62.3835824348678,0.732719507771557,0.332434095490463,0.264245123236286,0.967476631018943,0.0383396424833265,0.0665866338418826,0.0473080956002316,0.109828434852605,0.166754216150035,0.322494683845999,0.291402299864403,0.554575679828191
"69",2017,"Benue","NfPfK2",2,415,300,100,180,26.5954861133333,379.1840278,562.4544271,968.233941013333,1.11845904895266,4.47209036451244,4.99321152289464,10.5837609363597,0.0592501343287181,0.519000596080937,0.749337222411527,1.32758795282118,0.251474059897783,3.05668570553278,4.7194090565041,8.02756882193467,11.4946988392647,197.147741051095,43.967721414893,177.853689452348,0.483403457149664,2.32515730753572,0.390325193698285,2.28613114830366,0.0256081970975199,0.269842049295117,0.0585765684353697,0.246822249517319,0.108688315456774,1.58925122834238,0.368921734173502,1.43100557982679
"70",2017,"Benue","NfPfK2",3,531,300,100,180,64.4208829333333,427.266865066667,777.565104166667,1269.25285216667,2.5010530485656,2.86177736126623,5.8972994926125,11.2601299024443,0.180618396765959,0.433101995572529,0.966455443014714,1.5801758353532,0.931757435297148,3.21122279012864,5.61772681137448,9.76070703680027,24.7316465917019,93.6874409621444,268.170541542877,308.445879723629,1.038955113118,0.801649434226917,2.28007588379305,2.56093966584944,0.0742405054729069,0.101536539439801,0.435240588017807,0.555766884717492,0.395822637926557,0.560922225770356,1.85932198435723,2.59360988664419
"71",2017,"Benue","NfPfK3",3,531,300,100,120,87.43055556,439.6788194,744.869791666667,1271.97916662667,2.92413977322226,5.15100663242611,4.87897868376146,12.9541250894098,0.229907150215159,0.720203557127286,0.863484160813802,1.81359486815625,1.03093590257185,3.41541022993905,5.26559499913568,9.71194113164657,29.6016477570315,125.408561687769,504.157073799276,656.507577438612,0.990035520246111,1.4692095787062,3.3022840285017,5.72707053950405,0.0778404121293915,0.205421976762494,0.584439928505952,0.863269892563518,0.349047323930893,0.974169474651631,3.56396110605642,4.86488002188113
"72",2017,"Benue","NfPfK4",3,531,300,100,60,119.13690471,381.9909475,693.3965773,1330.34644711,4.57345612064884,3.32752043917659,5.05714929189192,14.035069440705,0.332022806527966,0.503150989024429,0.908537315791996,1.92209560752787,1.44564858872047,2.61947507152127,4.79138646367946,9.7918397464504,27.7371053592339,126.046400010795,318.481039617273,536.607368201575,1.06477866436983,1.09798929808552,2.32277778216471,4.91440798770036,0.0773005777575963,0.166025847584779,0.417296419303398,0.744732422711494,0.336571672021974,0.864353998031,2.20071138525472,3.84774663578016
"73",2017,"Benue","NfPfKf",1,304,300,100,300,89.88040128,154.1358024,459.7662169,703.78242058,4.67546784259727,1.50705766599563,3.49707327944895,9.67959878804186,0.269965946223845,0.258039699357099,0.611187756089092,1.13919340167004,1.16334092393098,1.29445549182,4.23731410230512,6.6951105180561,13.5661100596238,46.7620118535491,17.8900221628012,70.0631912016337,0.705692347048079,0.457214010917361,0.136075066358973,1.05321993184205,0.0407473452128223,0.0782845730332599,0.023782005071601,0.121028523988017,0.175589013691062,0.392714360387816,0.164878671843513,0.634846489590764
"74",2017,"Benue","NfPfKf",2,415,300,100,300,49.3515625,286.3020833,668.538411466667,1159.0130208,1.95554642446297,3.18999367612704,5.7335010805687,12.347735622433,0.0958591020395312,0.442696342745333,0.870671387925892,1.6242537528458,0.402936820843359,1.91715747998669,6.018575325722,9.60579185724333,42.3490670670006,182.485096437006,277.686682838091,569.732874749108,1.67807385393756,2.03325905600031,2.38148903459246,6.76610394452263,0.0822576497198961,0.282168693524808,0.361645412452463,0.822812618904095,0.345764097127815,1.22197038731886,2.49989856819805,4.58565375020156
"75",2017,"Benue","NfPfKf",3,531,300,100,300,109.8679316,466.887400866667,1135.78125,1391.1495537,3.89176955759631,3.53636993710632,8.39548290583594,13.3908716352936,0.282088410039743,0.56381818288568,1.57480595129219,1.90382044483826,1.6038540139988,3.56958021775837,11.0596572239328,13.3299619633486,8.98351814607212,118.311172717502,519.502513302992,1137.48963876476,1.32028035339883,0.846130909874282,3.71574671222061,9.57288769831429,0.0914385428784223,0.316243751361027,0.693108883486672,1.8317869949519,0.490541431892458,1.11019615189728,5.66635816234153,11.5098141400015
"76",2017,"Benue","NfPfKfMn",3,531,300,100,300,85.04861112,577.734374966667,1075.33854166667,1738.12152775333,3.27254388704766,4.88144077073398,7.87974917742031,16.033733835202,0.216344395524486,0.722864987899699,1.25973075563854,2.19894013906273,1.2029053809569,5.25733936657167,8.30866899913932,14.7689137466679,21.6476913647447,186.525256794121,215.364912396464,388.286682101592,0.832970922293286,1.576004532081,1.578127655195,2.89782587550842,0.0550668216815241,0.233381608119216,0.252294317853366,0.4603998142184,0.306179302460379,1.69736581012719,1.66403016519567,3.21069862678933
"77",2017,"Benue","NOTF",1,304,150,40,180,92.1440972333333,163.567708333333,403.457031266667,659.168836833333,4.68010024496192,1.31432957545313,2.22510016018723,8.21952998060227,0.236476439303255,0.204527257578646,0.380509089274312,0.821512786156213,1.03160025139653,1.41697827534141,3.1547496279897,5.60332815472763,15.5452464254309,38.6920718006488,60.1706399012831,111.276193405122,0.789560197431007,0.310905708842685,0.331846244103306,1.40420682866826,0.0398949540247676,0.0483810858271348,0.0567482373971988,0.141222463398749,0.174036976887265,0.335187340631686,0.470491995761032,0.952839350937267
"78",2017,"Benue","NOTF",2,415,150,40,180,17.33072915,248.3482143,610.985863066667,876.664806516667,0.745018080114649,3.10354366457406,3.78489111134607,7.63345285603478,0.0357472406127579,0.404686278656761,0.693079163929606,1.13351268319912,0.152492232252439,1.92934003811857,5.59336909981277,7.67520137018378,2.34377750376825,75.4514420214639,39.9414975425199,106.188641911805,0.100754942331629,0.942897236159798,0.247426705200279,1.09857567017082,0.00483439430879184,0.122948994729102,0.0453081182335728,0.156018716872441,0.0206227828246148,0.58615878691177,0.36565091217209,0.872917869722229
"79",2017,"Benue","NOTF",3,531,150,40,180,89.97519837,360.383184633333,779.096912266667,1229.45529527,3.0360685396956,1.88733296133128,4.33177357129547,9.25517507232234,0.206265369675592,0.270955959887377,0.818612346885478,1.29583367644845,1.14538564440539,3.25060426705221,6.25272811773042,10.648718029188,36.4793134094197,88.8269186696523,313.646456055117,435.034931977281,1.77938101593431,0.25589991727133,1.96240768318326,3.94626596395505,0.133358237806288,0.141778435864224,0.550857250426217,0.825520517613394,0.508107319523545,0.933316489839985,3.13433198887789,4.55647036902717
"80",2017,"Benue","NOTH",3,531,75,20,90,111.418650826667,416.703869,931.331845333333,1459.45436516,3.29974982404595,2.48749574022132,3.15951148962413,8.9467570538914,0.223050021027305,0.307904280630737,0.693782684728461,1.2247369863865,1.23921234455213,3.10578244772581,6.20000695582159,10.5450017480995,45.3738987233977,92.7999536527272,230.822056510883,332.453099613683,1.34378322855239,0.553965313443957,0.783055946448161,2.43659703704778,0.0908344248404991,0.0685702847938008,0.171947675646535,0.295176665841182,0.504654247752163,0.691657766211931,1.53661486300011,2.44434400579809
"81",2017,"CRS","Control",2,392,0,0,0,74.76388889,211.930555566667,456.427083333333,743.12152779,3.57997619152515,2.4501728169586,1.92558106043125,7.955730068915,0.168852172845982,0.234319141057563,0.428434277948646,0.83160559185219,0.754147672324402,1.06405019062926,3.36706698001427,5.18526484296793,16.1597028296355,23.3471809615902,237.814184318389,265.662855271029,0.773787349094873,0.269921569316638,1.00329385776384,1.68569258545099,0.0364962413785604,0.0258136037741589,0.223228971428029,0.261514221297711,0.163003857281342,0.117220342703349,1.75435752311107,1.92133013478163
"82",2017,"CRS","Control",3,489,0,0,0,83.1111111066667,466.333333266667,1252.546875,1384.47569437333,4.17228222757273,2.69176456271888,5.97713236319828,10.8488016990905,0.202925386619498,0.313538316191832,0.953332950649375,1.11092463959592,0.716601934581103,1.48253600593024,7.05085212105828,6.89970602121687,25.1497367667838,124.63100394679,174.191336127924,830.050397979777,1.15776441716444,0.520880534782112,1.05567567707302,4.66873268861665,0.0321248685268857,0.0307587433378806,0.336494543591221,0.700195721005271,0.102223762725914,0.437144847775857,1.89894672572308,4.8079305571642
"83",2017,"CRS","N0PfKf",3,489,0,100,300,90.47222222,647.416666666667,991.5625,1729.45138888667,4.26621121525632,4.56989333201083,5.59270235355,14.4288069008172,0.226497012003048,0.495559170111667,1.12758196990625,1.84963815202096,0.935966098460344,4.067252634235,9.04218970054375,14.0454084332391,19.2148548853533,71.876956549109,353.233318564019,424.234544746925,0.906075117864138,0.507354909706277,1.99233917386475,3.23720715361007,0.0481043475092469,0.0550175594351326,0.401688770181344,0.485914098652891,0.198784249112322,0.451551150776406,3.221181393012,3.73151090488084
"84",2017,"CRS","NfP0Kf",3,489,300,0,300,227.8333333,914.3611111,1383.67708333333,2525.87152773333,11.3299149461757,7.53120870562876,7.95669811135062,26.8178217631551,0.50596951892264,0.482379872304138,0.828982567497813,1.81733195872459,2.72274435399165,6.27699047786095,11.1686443982011,20.1683792300537,167.720765527533,144.237773499203,234.195106656332,515.228852425053,8.34057940780883,1.18802600227702,1.34671578019558,10.6403804380519,0.372472253371113,0.0760940047835973,0.140309948867326,0.567379819698676,2.00436328070545,0.990176769124801,1.89035570332796,4.63272381805941
"85",2017,"CRS","NfPfK0",3,489,300,100,0,98.3749999866667,1040.36111133333,989.625,2128.36111132,4.95471127570346,10.1205859187465,6.75274902836625,21.8280462228162,0.297618131357162,1.20995672229456,1.163390601555,2.67096545520672,1.01737646858086,4.88777468795098,6.3705913908,12.2757425473318,36.1335053006209,617.990001152677,558.375,1197.6715210739,1.8198839762942,6.01177882896469,3.81009598455375,11.47509484762,0.109316252385387,0.718732320979581,0.656418569805,1.46531483212275,0.373686180687938,2.90341099079495,3.5944716108,6.78748337824708
"86",2017,"CRS","NfPfK1",3,489,300,100,240,137.6111111,828.6805555,1599.04166666667,2565.33333326667,7.07863281630345,8.23831160809283,10.8295451382538,26.14648956265,0.374361536709217,0.800972999616441,1.69765341494,2.87298795126566,1.63367595338254,6.43514993754289,14.9399578088325,23.0087836997579,17.71133963863,52.6666062086195,172.888436450601,196.736834370322,0.911060662068172,0.523584040204168,1.17089076879833,1.60726460094373,0.0481824779357982,0.0509056587300797,0.183550341846835,0.211528640171251,0.210263469559478,0.408984506037434,1.61530871899752,1.8062980270059
"87",2017,"CRS","NfPfK2",2,392,300,100,180,139.500000033333,756.069444466667,1078.875,1974.4444445,6.82923257074183,8.97279558524053,7.3654365778875,23.1674647338699,0.334107522079835,0.7288425974592,1.1905780277475,2.25352814728653,1.64923526010408,4.81165974089003,8.83941820531875,15.3003132063129,22.4839449090284,207.229803628036,207.063207439178,362.964322649997,1.10070314591263,2.45933846517968,1.41361225536529,3.34803395139438,0.0538498574791397,0.199767242880395,0.228501823781261,0.377351856478283,0.265815876138686,1.31881973346104,1.69650634734289,2.66335998762715
"88",2017,"CRS","NfPfK2",3,489,300,100,180,156.0052083,905.25,1222.21875,1824.0659722,8.33453643810924,6.85014907792625,7.63524403313719,17.4966693920905,0.437237753320218,0.627747566560625,1.30277365048875,1.98115743597973,2.01765725248355,5.89627951486083,10.4644223821997,14.217665937983,64.3540827364727,443.740123129518,291.018634632088,460.205891903294,2.64855763291733,2.57102139828322,2.35869638911411,6.6930076238967,0.112274192268386,0.221780133401454,0.399237489813824,0.656779031406705,0.850806209274402,3.31276995264078,2.1426578509938,3.7195287102906
"89",2017,"CRS","NfPfK3",3,489,300,100,120,150.31944447,878.4027776,1662.85416666667,2691.57638873667,7.81994248595557,9.03054381194108,10.5197096752202,27.3701959731169,0.46882612633026,1.04630309133407,1.72602059218229,3.24114980984663,1.63818155085475,4.99731546215388,11.3283048230183,17.963801836027,54.5511408520588,260.317688879236,368.379137305689,678.891141109329,2.83786828450858,2.67623276519019,2.33047590855918,7.68758720830147,0.170137670098104,0.310075525202081,0.382372663499735,0.850724743004469,0.594498421924096,1.48097165091247,2.50960742168071,4.54002790956946
"90",2017,"CRS","NfPfK4",3,489,300,100,60,129.361111106667,744.0416667,1413.90625,2287.30902780667,7.14733131376888,6.77581418621356,8.88918558272188,22.8123310827043,0.383946093328475,0.707817045783377,1.27715791752969,2.36892105664154,1.29764270442597,3.99999307438337,7.60314957817969,12.900785356989,43.1143773888024,28.6510071348577,369.855433909234,398.696105724801,2.38211265308741,0.260918049730607,2.32526986198505,3.84573535829994,0.127964243837321,0.027256096179208,0.334084240563019,0.399318150040269,0.432487451567384,0.154028779895935,1.98886325476986,2.21751299164511
"91",2017,"CRS","NfPfKf",2,392,300,100,300,130.101851916667,735.250000066667,990.03125,1855.38310198333,5.8606713301147,9.02729970533602,6.54278922691875,21.4307602623695,0.26513095759764,0.604861184147344,0.995297998443125,1.86529014018811,1.45064975971769,5.41274756909078,9.02364763947156,15.88704496828,50.7684397439842,180.894109378069,135.902721844294,301.963819518686,2.28695544989478,2.22099332218646,0.898136159229096,4.88234489853228,0.103459596053116,0.148814451130604,0.136625694425907,0.326715423386957,0.566073609490398,1.3317023471067,1.23868643052229,2.58258826491293
"92",2017,"CRS","NfPfKf",3,489,300,100,300,147.5972222,1143.11111103333,2266.96354166667,3557.6718749,7.18793450678161,8.46952798724627,12.9236556832081,28.581118177236,0.377301246003158,0.832567666196888,2.07154628482089,3.28141519702093,1.68021926971532,6.62787084884875,18.0966513367036,26.4047414552677,54.373009720527,311.96134646561,350.991246417698,436.106091741324,2.83742623995262,2.81381349983156,2.61431189183624,5.71962997320022,0.141980373556711,0.24939692347898,0.348619408866743,0.443265722373608,0.660033979758589,1.94909173652084,0.845350731063249,2.19360296520121
"93",2017,"CRS","NfPfKfMn",3,489,300,100,300,186.1111111,1053.3333334,2149.29166666667,3388.73611116667,9.76987388530561,10.4782529118632,13.2396152382287,33.4877420353975,0.518401117413495,1.20142318367604,2.13140663696333,3.85123093805287,2.37749061135806,8.87856621709527,17.5634859981875,28.8195428266408,5.91216575204296,355.11607083737,396.65169078435,518.831300721113,0.310358223348884,3.53259114215087,2.44337046061424,3.92543768422083,0.0164679761142582,0.405042418075592,0.393351009270724,0.540158322741338,0.0755254132071794,2.99327995204247,3.24134063575131,4.27386775636777
"94",2017,"CRS","NOTF",2,392,150,40,180,93.7777778066667,490.236111066667,771.802083333333,1355.81597220667,4.19070355437097,6.88319644392736,4.59808479607177,15.6719847943701,0.203564225960487,0.508947653755387,0.736644082696979,1.44915596241285,1.18444989296488,3.47728545480725,7.1173329754924,11.7790683232645,36.6376858650415,112.042405220538,284.323337225677,382.705417893212,1.63725014571247,1.57313969284119,1.69388349979504,3.984546793745,0.0795297386922135,0.11631888792123,0.271371519283002,0.406113427310101,0.462748255677309,0.794726086471454,2.62194662004348,3.47049060989984
"95",2017,"CRS","NOTF",3,489,150,40,180,118.027777793333,717.6388889,1236.42708333333,2072.09375002667,5.86937672328343,4.51314558920767,6.36001450298802,16.7425368154791,0.27914474310724,0.363671324902272,0.965803613803021,1.60861968181253,1.27913423880139,4.58344869273919,10.384664727556,16.2472476590966,20.0763012048249,289.753793738826,211.246884993059,510.719668863038,1.17495343044039,2.00507507813632,0.911813632756535,3.83372966949189,0.064211597647493,0.163702188346526,0.305774263051557,0.482070272097085,0.328635578672274,2.05943001941858,3.56219866003858,5.77609445770226
"96",2017,"CRS","NOTH",3,489,75,20,90,105.083333333333,594.055555533333,1320.10416666667,2019.24305553333,5.34894954777083,5.11067285308049,7.00873569431667,17.468358095168,0.266583693176667,0.455029405154645,1.08693176511875,1.80854486345006,1.089776987585,3.13665994281489,9.10415703764479,13.3305939680447,4.54376862673853,22.4600468630576,154.111672342115,144.352999016528,0.231286811811277,0.193224271219702,0.818214203188522,0.704503218512186,0.0115269908465303,0.0172037474755492,0.126890647173083,0.117799132290907,0.047121597015039,0.118590809652221,1.062837995489,1.0056277235729
"97",2017,"Edo","Control",1,275,0,0,0,115.138117333333,155.7021605,370.703125,641.543402833333,5.32088884080007,1.23611969354785,1.59032984423828,8.1473383785862,0.37636524415792,0.396390927646502,0.398931819507812,1.17168799131223,0.760315270515613,0.689782137321251,2.16134881228906,3.61144622012593,18.8469416173211,20.4115820835295,78.111082744759,108.754835115142,0.870975517555922,0.162047581799093,0.335099376501766,1.30716931743427,0.0616071718707838,0.0519643782131269,0.0840591682713547,0.181620458330446,0.124455895632549,0.0904261358382702,0.455419133348276,0.626945723433112
"98",2017,"Edo","Control",2,378,0,0,0,44.3520447,447.8506945,766.100260433333,1258.30299963333,1.79753270943138,4.0419295123539,3.6398509779967,9.47931319978198,0.121677163310798,0.562262627745165,0.581313713622738,1.2652535046787,0.211453043377557,0.928373472065407,2.35281238485705,3.49263890030001,6.63087735112147,93.233851268388,240.086667228214,334.014476808231,0.268741137223569,0.841451536460911,1.14068580269152,2.20564287593331,0.0181914126350589,0.117052202559364,0.182176771534833,0.310986018585272,0.0316134060028567,0.193269398214728,0.737343286861797,0.9487188713232
"99",2017,"Edo","Control",3,506,0,0,0,114.560763883333,642.373263933333,922.942708333333,1679.87673615,5.15193075362342,3.65906095381615,4.54496495904271,13.3559566664823,0.371999363202661,0.41936868520913,0.770001655595052,1.56136970400684,0.602606334651508,1.80328533724329,3.5103491717513,5.9162408436461,81.6767648879921,242.295923685077,82.2501667179478,306.31079332681,3.6164521720677,1.4781942035768,0.630527915801387,5.00854234914313,0.269745440240969,0.165553126066751,0.186809044566196,0.378242376538135,0.261479149730817,1.68402050109787,1.81166952530455,3.46129280302076
"100",2017,"Edo","N0PfKf",3,506,0,100,300,90.0456348866667,849.134176566667,1445.625,2384.80481145333,4.26237148535643,6.69358520112982,7.11853669355625,18.0744933800425,0.347033050320734,1.46152770678452,1.57683511479375,3.38539587189901,0.848837332087171,4.21597224518108,8.26939936321875,13.334208940487,15.3194747695913,172.68563361927,391.036127397057,455.622954078186,0.725157777061905,1.3612524775711,1.92553741211039,3.16962387574139,0.0590407748836917,0.297226098139966,0.426527970139312,0.598376920327306,0.144412798119124,0.857388453523388,2.23684143736636,2.60435135413394
"101",2017,"Edo","NfP0Kf",3,506,300,0,300,116.9010416,1381.510417,1186.699219,2685.1106776,5.37309351463087,12.7899538815365,6.34995763615199,24.5130050323194,0.347603338203591,1.07925034691405,0.999563682487139,2.42641736760478,1.501858297818,11.6309305779756,8.97160684591621,22.1043957217098,NA,NA,NA,NA,NA,NA,NA,NA,NA,NA,NA,NA,NA,NA,NA,NA
"102",2017,"Edo","NfPfK0",3,506,300,100,0,71.70138888,827.647569433333,1063.13802083333,1962.48697914667,3.49545810649028,7.25257932932017,7.82358808604115,18.5716255218516,0.29993128490379,1.55817151596476,1.32283781505013,3.18094061591868,0.438814891903933,2.52545494985108,3.67125589765573,6.63552573941074,16.5043843589329,133.180027501843,278.576360656525,387.151123741551,0.804592281979566,1.16704108150705,2.05003174900727,2.46897430215914,0.0690388468709501,0.250731510624573,0.346626060806892,0.520711947946075,0.101007382862932,0.406380894595167,0.961987142747542,1.25042082426884
"103",2017,"Edo","NfPfK1",3,506,300,100,240,179.5572917,1999.16666666667,2516.595216,4808.2960322,8.86976353244347,14.000486332375,13.1216024004295,36.5809169661436,0.694478166786476,2.3979233288,3.09956089905524,6.3311101800406,1.890548706808,6.00370467364167,13.9887586751358,22.5110057794588,75.8298366337603,373.3072915,206.429443009756,510.795069160442,3.74583907608177,2.61433112084453,1.07632926332168,6.95830803037308,0.293288929870464,0.44776770142509,0.254248528288862,0.812020484297788,0.798408119370276,1.12108048220912,1.14745972786836,1.86706626778682
"104",2017,"Edo","NfPfK2",1,275,300,100,180,311.088564266667,398.6953113,591.279987366667,1301.06386293333,16.5160352160331,3.52495904027528,3.34132691593455,23.3823211722429,1.05040797376043,0.910864511169793,0.757952863826321,2.71922534875654,3.33042465641545,2.56109450214954,3.90975355337031,9.8012727119353,113.508811423491,140.468790541457,65.4835892036623,186.594705576359,6.02630807474306,1.24191762246,0.370048173172,6.86533529770382,0.383268863940299,0.320916831988729,0.0839424215786341,0.614640389367107,1.2151926740745,0.902327760028817,0.433000779743444,1.66791676153444
"105",2017,"Edo","NfPfK2",2,378,300,100,180,54.50520833,1543.28125,1274.511719,2872.29817733,2.05407684187907,17.7659918860375,7.36577884819483,27.1858475761114,0.116199042635342,2.75825273304219,1.56799544430171,4.44244721997924,0.339651907531572,8.13043116937188,7.76412538302394,16.2342084599274,NA,NA,NA,NA,NA,NA,NA,NA,NA,NA,NA,NA,NA,NA,NA,NA
"106",2017,"Edo","NfPfK2",3,506,300,100,180,75,1616.328125,1604.941406,3296.269531,3.97754262375,14.3716654108672,9.2901524198896,27.6393604545068,0.27131771625,2.07842807650078,1.78984052636085,4.13958631911163,0.89547560775,9.51599082747188,8.04277722578429,18.4542436610062,NA,NA,NA,NA,NA,NA,NA,NA,NA,NA,NA,NA,NA,NA,NA,NA
"107",2017,"Edo","NfPfK3",3,506,300,100,120,90.351562505,1248.359375,1432.34375,2771.054687505,4.44488894516942,10.8800619389664,8.21567363413438,23.5406245182702,0.362404457696618,1.76892573371875,1.7353781857,3.86670837711537,0.90244560053041,5.51568755845859,7.13470393043906,13.5528370894281,10.1094172552054,146.692708,117.03125,362.852580871107,0.497337685745949,1.27849862867791,0.671270814003125,2.2600527035942,0.0405493582670336,0.207863625913083,0.1417910179,0.453936981160163,0.100974447734442,0.648139598769144,0.582948973917187,1.6400477082411
"108",2017,"Edo","NfPfK4",3,506,300,100,60,64.16666668,1085.989583,1300.429688,2450.58593768,3.24965083908359,9.27861991183223,6.95852077955633,19.4867915304721,0.250549931093729,1.61704837159221,1.45180152428476,3.3193998269707,0.49828580350354,3.25201874239349,4.67369895268878,8.42400349858581,NA,NA,NA,NA,NA,NA,NA,NA,NA,NA,NA,NA,NA,NA,NA,NA
"109",2017,"Edo","NfPfKf",1,275,300,100,300,349.715470733333,495.2710263,1030.2734375,1875.25993453333,18.4116436437363,3.70550382224448,6.36271546757812,28.4798629335589,1.22033753822799,0.952191097273598,1.3440979925293,3.51662662803088,3.42299483846374,3.17267652774333,7.33947247436523,13.9351438405723,76.7815856016644,71.8674523224286,231.195969326695,306.661347459339,4.04235817630396,0.53769573654491,1.42780946934457,5.08702281585972,0.267930529232505,0.138169900218836,0.301618994474829,0.562864841186632,0.751533727268154,0.460378594717083,1.6469962160482,2.28035897868835
"110",2017,"Edo","NfPfKf",2,378,300,100,300,54.19114583,1203.64583333333,1138.58072933333,2396.41770849667,2.05218307382577,12.4843741747344,6.79446637250982,21.33102362107,0.121611875837858,1.72988004443229,1.36281994568361,3.21431186595376,0.377636242167803,7.26905736298958,6.74410192571039,14.3907955308678,20.8388866049845,44.1456256385707,195.622099844766,226.048509834977,0.789154938747374,0.457884282391759,1.16737245315338,1.79723148612564,0.0467651320449036,0.0634461024383352,0.23414914078254,0.283988923032043,0.145217797260724,0.266604242049468,1.15871922498379,1.34705099070245
"111",2017,"Edo","NfPfKf",3,506,300,100,300,157.6041667,1852.279266,2232.984375,4242.8678077,6.98993922117968,10.9144920182518,13.6659762830823,31.5704075225138,0.605404059761065,1.66153637741544,2.47797748466047,4.74491792183698,2.08766894779862,10.5879072233575,12.32395991448,24.9995360856361,33.932281687361,174.131213570739,104.221826931715,61.9560853356758,2.16522078685777,1.42197549212231,1.44921490678041,2.40634739076033,0.179525225392204,0.351779828362068,0.156675620560025,0.374320259820113,0.387639982779462,4.10145207256881,1.33563185363198,4.82216444524563
"112",2017,"Edo","NfPfKfMn",3,506,300,100,300,130.859375,1969.739583,2759.453125,4860.052083,6.24633798285156,17.2402411537877,14.8322734386836,38.3188525753229,0.516455080605469,2.51300918305234,3.18684393047109,6.2163081941289,1.69242301238281,11.2278974768156,16.9804194491852,29.9007399383835,NA,NA,NA,NA,NA,NA,NA,NA,NA,NA,NA,NA,NA,NA,NA,NA
"113",2017,"Edo","NOTF",1,275,150,40,180,239.5601851,281.425540133333,597.034801133333,1118.02052636667,11.9097036870046,2.04925276178475,2.78283841005335,16.7417948588427,0.758616610836031,0.535890499450616,0.650832992117613,1.94534010240426,2.57956359794778,1.71563544529173,4.26348491985585,8.55868396309536,45.8361916703807,50.7922343668692,96.2231150262711,84.3999452180222,2.27874035373244,0.369853164372398,0.448505480621535,2.07637932638485,0.145149730803973,0.0967185701417806,0.10489368081148,0.153764532773294,0.493560194287357,0.309641255673099,0.687138838602547,0.532756931698179
"114",2017,"Edo","NOTF",2,378,150,40,180,65.390625,1057.682292,1175.078125,2298.151042,2.45125150241484,10.2327803307861,5.40106770766875,18.0850995408697,0.139661188980469,1.24550972298888,1.06363808691563,2.44880899888498,0.417418444947656,5.47281436957114,6.57836401589453,12.4685968304133,NA,NA,NA,NA,NA,NA,NA,NA,NA,NA,NA,NA,NA,NA,NA,NA
"115",2017,"Edo","NOTF",3,506,150,40,180,72.23958332,1255.9375,1287.65625,2615.83333332,3.26411491455743,7.6220571618625,6.93019819328906,17.816370269709,0.194481078654729,0.73181355590625,1.14918304891406,2.07547768347504,0.539402805263463,5.54837502547813,7.21743791349844,13.30521574424,NA,NA,NA,NA,NA,NA,NA,NA,NA,NA,NA,NA,NA,NA,NA,NA
"116",2017,"Edo","NOTH",3,506,75,20,90,90.64236113,1012.71701396667,1367.669271,2471.02864609667,4.21969498454774,8.21673606319095,6.35419203484048,18.7906230825792,0.30227858012063,1.02186756032674,1.17375963099811,2.49790577144549,0.655962676665862,3.10384124495322,5.64742164037258,9.40722556199166,33.3120184780882,198.29831001368,266.536242363636,485.248991220817,1.55078216790435,1.60890441523959,1.2383274992974,3.97365815060528,0.111090548844673,0.200090062155572,0.228746443396815,0.502824955250016,0.241073164176404,0.607757611392554,1.10058957599259,1.86070812301215
